Workbook

Sheet FicheSkater
A1: Prenom | B1: Nom | C1: PrenomNom | D1: Age | E1: Ville | F1: Drapeau | G1: Photo
A2: Nadia | B2: Muxteline | C2: =$A2&" "&$B2 -> Nadia Muxteline | D2: 15 | E2: Biarritz | F2: ./assets/teenage/drapeaux/CH.png | G2: ./assets/teenage/photos/vide.png
A3: Ingrid | B3: Delgado | C3: =$A3&" "&$B3 -> Ingrid Delgado | D3: 17 | E3: Bayonne | F3: ./assets/teenage/drapeaux/FR.png | G3: ./assets/teenage/photos/vide.png
A4: Mikel | B4: Arangiz | C4: =$A4&" "&$B4 -> Mikel Arangiz | D4: 15 | E4: Donostia | F4: ./assets/teenage/drapeaux/ES.png | G4: ./assets/teenage/photos/vide.png
C5: =$A5&" "&$B5
C6: =$A6&" "&$B6
C7: =$A7&" "&$B7
C8: =$A8&" "&$B8
C9: =$A9&" "&$B9
C10: =$A10&" "&$B10
C11: =$A11&" "&$B11
C12: =$A12&" "&$B12
C13: =$A13&" "&$B13
C14: =$A14&" "&$B14
C15: =$A15&" "&$B15
C16: =$A16&" "&$B16
... C48: =$A48&" "&$B48

Sheet Synthes
A1: PrenomNom | B1: Fonction
A2: Nicolas Gay | B2: Commentateur
A3: Greg Poissonnier | B3: Consultant

Sheet ClassementGIRLS
A1: Position | B1: PrenomNom | C1: Points | D1: Drapeau
A2: 1 | B2: Ingrid Delgado | C2: 75.3 | D2: =VLOOKUP(B2,FicheSkater!$C$2:$F$99,4,FALSE) -> ./assets/teenage/drapeaux/FR.png
A3: 2 | B3: Mikel Arangiz | C3: 75.3 | D3: =VLOOKUP(B3,FicheSkater!$C$2:$F$99,4,FALSE) -> ./assets/teenage/drapeaux/ES.png
A4: 3 | B4: Nadia Muxteline | C4: 75.3 | D4: =VLOOKUP(B4,FicheSkater!$C$2:$F$99,4,FALSE) -> ./assets/teenage/drapeaux/CH.png
A5: 4 | B5: Ingrid Delgado | C5: 75.3 | D5: =VLOOKUP(B5,FicheSkater!$C$2:$F$99,4,FALSE) -> ./assets/teenage/drapeaux/FR.png
A6: 5 | B6: Nadia Muxteline | C6: 75.3 | D6: =VLOOKUP(B6,FicheSkater!$C$2:$F$99,4,FALSE) -> ./assets/teenage/drapeaux/CH.png
A7: 6 | B7: Ingrid Delgado | C7: 75.3 | D7: =VLOOKUP(B7,FicheSkater!$C$2:$F$99,4,FALSE) -> ./assets/teenage/drapeaux/FR.png
A8: 7 | B8: Nadia Muxteline | C8: 75.3 | D8: =VLOOKUP(B8,FicheSkater!$C$2:$F$99,4,FALSE) -> ./assets/teenage/drapeaux/CH.png
A9: 8 | B9: Ingrid Delgado | C9: 75.3 | D9: =VLOOKUP(B9,FicheSkater!$C$2:$F$99,4,FALSE) -> ./assets/teenage/drapeaux/FR.png

Sheet ClassementBOYS
A1: Position | B1: PrenomNom | C1: Drapeau | D1: Points
A2: 1 | B2: Mikel Arangiz | C2: =VLOOKUP(B2,FicheSkater!$C$2:$F$99,4,FALSE) -> ./assets/teenage/drapeaux/ES.png | D2: 75.3
A3: 2 | B3: Nadia Muxteline | C3: =VLOOKUP(B3,FicheSkater!$C$2:$F$99,4,FALSE) -> ./assets/teenage/drapeaux/CH.png | D3: 35.6
A4: 3 | B4: Ingrid Delgado | C4: =VLOOKUP(B4,FicheSkater!$C$2:$F$99,4,FALSE) -> ./assets/teenage/drapeaux/FR.png | D4: 80
A5: 4 | C5: =VLOOKUP(B5,FicheSkater!$C$2:$F$99,4,FALSE) -> #N/A
A6: 5 | C6: =VLOOKUP(B6,FicheSkater!$C$2:$F$99,4,FALSE) -> #N/A
A7: 6 | C7: =VLOOKUP(B7,FicheSkater!$C$2:$F$99,4,FALSE) -> #N/A
A8: 7 | C8: =VLOOKUP(B8,FicheSkater!$C$2:$F$99,4,FALSE) -> #N/A
A9: 8 | C9: =VLOOKUP(B9,FicheSkater!$C$2:$F$99,4,FALSE) -> #N/A

Sheet Competitions
A1: Nom
A2: Final open U18 - Grils
A3: Final open U18 - Boys
